"","Canal","Event","SpC..uS.cm.","pH","o.Phosphate.ug.L.PW","Ammonium.mg.L.PW","Nitrate.ppb.PW","TDC.mg.L.PW","DOC.mg.L.PW","TDN.ug.L.PW","o.Phosphate.ug.L.SW","Ammonium.mg.L.SW","Nitrate.ppb.SW","TDC.mg.L.SW","DOC.mg.L.SW","TDN.ug.L.SW","Biomass_per_Area","Curly.Leaf.Pondweed","Ditchgrass","Elodea","Filamentous.Algae","Nitella","Milfoil","SDI","PAR.30da","AQI.30da","PM.30da","Temp.30da","Flow.cms.30da","Bulk_Density_g_mL","pct_OM","sed_pH","TSS_mgmL","Light_ext_coeff"
"1","A","1",266.4,8.34,NA,0.006941933,NA,2.610228676,1.815002774,192.9206349,7.181,0.008237761,62.90909091,22.68648087,13.53483894,279,7.125645316,0.0014284945,7.707699230625,0.009532761625,0.150765539625,0,0,0.095586352375,667.4362493,47.66666667,2.396333333,16.84590408,2.467245015,1.94713333333333,0.695,7.12833333333333,0.01432098765,0.0363
"2","A","2",360,8.06,33.322,0.072834397,219.0227273,3.533294355,2.501174897,297.6507937,NA,0.045533306,215.3181818,25.52705775,15.06383604,518.047619,19.6759197573333,0.2301829445,13.587099522,0.057053375,0.0193477655,0.008443374,0,0.0986336925,705.6437839,49.3,4.147666667,20.73907909,3.67690166,1.837,1.26833333333333,7.08,0.006911764706,0.0278
"3","A","3",380.4,8.03,31.2085,0.050344035,238.1818182,NA,NA,NA,22.205,0.027995269,83.09090909,27.15604496,16.43454848,415.1904762,0,0,0,0,0,0,0,0,630.4937558,77.63333333,46.69633333,23.81792718,4.491551738,1.8304,0.881666666666667,7.33166666666667,0.05780821918,0.0455
"4","UL","1",240.7,8.86,9.5,0.030783651,NA,4.566231404,3.061943148,321.7777778,5.511,0.002310837,33.36363636,20.28766322,12.58023563,245.5079365,3.9341814814,0.0228529788,3.8521757894,0.0934352026,0.0129380492,0,0,0.1396019216,622.7644491,48.36666667,2.335,14.70735758,3.987625878,1.67643333333333,1.42333333333333,7.09,0.02189189189,0.0378
"5","UL","2",314,8.13,12.408,0.058856892,NA,7.189176899,4.620312653,386.6190476,11.054,0.006696858,100.4090909,23.34262327,13.0877256,297.8888889,13.7587259741,0.0205248885,10.0865729225,0.26108094925,0.57570621575,0,0,0.34047701825,704.637746,49.66666667,2.858666667,19.20080453,4.134486802,1.8638,1.49833333333333,7.235,0.008088235294,0.0228
"6","UL","3",382.3,8.07,13.918,0.303487496,108.0909091,4.791983369,3.440520871,520.7460317,15.067,0.022403854,89.54545455,26.98713701,16.03475735,349.7142857,14.882607117,0,6.99298002466667,0.651934694,0.0139766046666667,0.162352386333333,0.00485047066666667,0.544163708,658.515137,69.13333333,31.59466667,23.77268985,6.378014331,1.7606,1.925,7.19833333333333,0.07255474453,0.0562
"7","DL","1",270.4,8.89,23.059,0.02132563,344.8181818,7.398687715,4.499559414,266.8571429,3.695,0.001,NA,17.21971026,10.70692863,262.3333333,9.3960443898,0.0845003624,6.4192106606,0.6670861482,2.5355919444,0,0,0.677826819,665.686973,47,2.191666667,16.52271484,1.393585444,1.7442,2.38166666666667,7.24,0.006923076923,NA
"8","DL","2",325.2,7.93,7.63,0.348475903,357.4545455,8.001234327,5.297509872,711.0634921,13.231,0.003552937,146.6363636,23.65932567,13.00776737,501.0634921,20.778563759,0.0329385903333333,8.75879970266667,1.91106115533333,6.010196723,0,0,0.916260451666667,708.0092736,48.36666667,2.967,20.62555768,2.745228413,1.70503333333333,1.31666666666667,7.38833333333333,0.00431372549,0.0279
"9","DL","3",387,8.2,10.08,0.708719158,183.6363636,10.47800948,7.002741425,1383.761905,19.733,NA,132.7272727,26.55837069,15.73287425,644.0793651,7.49380292933333,0,2.060205291,4.17770946866667,0.811466317333333,0.155961022333333,0.000813551666666667,0.974376393333333,638.3011101,71.86666667,34.35833333,24.28957546,4.285000646,1.63773333333333,2.33666666666667,7.435,0.10448,0.0637
