"","Canal","Event","Mean_Biomass","SD_Biomass","CV"
"1","A",1,7.125645316,2.70972758057913,0.38027820083813
"2","A",2,19.6759197573333,14.9235677480987,0.758468622161188
"3","A",3,0,0,NA
"4","DL",1,9.3960443898,4.58377407193791,0.487840827669342
"5","DL",2,20.778563759,6.51817677841504,0.313697176283022
"6","DL",3,7.49380292933333,4.37604398258128,0.583955039096629
"7","UL",1,3.9341814814,1.39729812792857,0.355168701427402
"8","UL",2,13.7587259741,4.69160487498293,0.340991228680228
"9","UL",3,14.882607117,11.5507135494754,0.776121647146173
