Event,Date,Time,Canal,Treatment,Transect,Cross-Sectional Area (m^2),Discharge (cms),Distance Along Bottom (m),Area Along Bottom (m^3)
1,5/24/2021,8:20,DRL,NA,NA,8.430768,2.28575616,NA,NA
1,5/24/2021,17:15,DRL,NA,NA,7.808976,1.48885656,NA,NA
1,5/24/2021,NA,DRL,NA,10,12.09,NA,12.10495743,4.84258822
1,5/24/2021,8:51,DRL,NA,9,12.65875,NA,12.37544893,4.950798344
1,5/24/2021,9:13,DRL,NA,8,14.3475,NA,12.2947717,4.918523419
1,5/24/2021,9:33,DRL,NA,7,12.7075,NA,12.48566972,4.994892171
1,5/24/2021,9:52,DRL,NA,6,12.57,NA,12.18919104,4.876285876
1,5/24/2021,10:07,DRL,NA,5,11.72,NA,12.60468693,5.042505006
1,5/24/2021,10:31,DRL,NA,4,14.97,NA,13.8685566,5.548116068
1,5/24/2021,10:50,DRL,NA,3,13.59,NA,13.5986065,5.44012253
1,5/24/2021,11:09,DRL,NA,2,11.27,NA,12.56600267,5.027029368
1,5/24/2021,11:18,DRL,NA,1,11.88,1.7105,13.63386973,5.454229585
2,6/21/2021,7:45,DRL,NA,NA,10.33272,5.01127776,NA,NA
2,6/21/2021,8:11,DRL,NA,10,15.4,NA,12.15310614,4.861850111
2,6/21/2021,8:45,DRL,NA,9,19.8025,NA,14.12944974,5.652486368
2,6/21/2021,9:17,DRL,NA,8,20.055,NA,15.03631196,6.0152766
2,6/21/2021,9:29,DRL,NA,7,18.0475,NA,13.70791851,5.4838528
2,6/21/2021,9:48,DRL,NA,6,17.15,NA,12.66056595,5.064859408
2,6/21/2021,10:00,DRL,NA,5,16.15,NA,13.12595061,5.251036542
2,6/21/2021,10:14,DRL,NA,4,15.98,NA,13.41965918,5.368534655
2,6/21/2021,10:42,DRL,NA,3,19.17,NA,14.0985821,5.640137769
2,6/21/2021,11:06,DRL,NA,2,17.3975,NA,13.64422967,5.458374079
2,6/21/2021,11:25,DRL,NA,1,19.45,NA,15.0217469,6.009449847
3,7/27/2021,7:52,DRL,NA,NA,10.405872,6.85476912,NA,NA
3,7/27/2021,8:32,DRL,NA,10,14.0225,NA,11.53919525,4.61625506
3,7/27/2021,8:42,DRL,NA,9,13.7175,NA,11.71799431,4.687783624
3,7/27/2021,9:06,DRL,NA,8,17.52,NA,13.87125163,5.549194215
3,7/27/2021,9:17,DRL,NA,7,16.2625,NA,12.90666593,5.163311705
3,7/27/2021,9:34,DRL,NA,6,15.29,NA,12.44573013,4.978914339
3,7/27/2021,9:53,DRL,NA,5,19.18,NA,14.45177,5.781430589
3,7/27/2021,10:08,DRL,NA,4,16.325,NA,12.61964205,5.048487802
3,7/27/2021,10:26,DRL,NA,3,15.455,NA,13.10695908,5.24343898
3,7/27/2021,10:43,DRL,NA,2,15.74,NA,13.6417074,5.457365045
3,7/27/2021,11:03,DRL,NA,1,16.675,NA,14.55728299,5.82364106
1,6/1/2021,7:42,MSL,NA,NA,7.845552,1.13330736,NA,NA
1,6/1/2021,8:19,MSL,NA,10,13.7325,NA,13.93421919,5.574384387
1,6/1/2021,8:34,MSL,NA,9,13.57625,NA,15.40324725,6.162069062
1,6/1/2021,9:00,MSL,NA,8,13.52,NA,14.50543516,5.802899336
1,6/1/2021,9:28,MSL,NA,7,10.0925,NA,12.00209155,4.801436725
1,6/1/2021,10:20,MSL,NA,6,9.3125,NA,10.60804314,4.243747658
1,6/1/2021,10:50,MSL,NA,5,10.815,NA,11.98527966,4.794711128
1,6/1/2021,11:08,MSL,NA,4,10.18,NA,12.96172417,5.185337754
1,6/1/2021,11:30,MSL,NA,3,10.04125,NA,12.67152825,5.069244876
1,6/1/2021,11:54,MSL,NA,2,8.88125,NA,10.29400196,4.118115484
1,6/1/2021,12:13,MSL,NA,1,9.715,NA,11.11372816,4.44604695
2,6/29/2021,7:30,MSL,NA,NA,7.888224,2.31370632,NA,NA
2,6/29/2021,8:10,MSL,NA,10,15.275,NA,15.15270611,6.061840079
2,6/29/2021,8:23,MSL,NA,9,14.045,NA,15.45947153,6.184561586
2,6/29/2021,8:45,MSL,NA,8,13.085,NA,14.40673672,5.763415025
2,6/29/2021,9:10,MSL,NA,7,13.59,NA,15.47197973,6.189565491
2,6/29/2021,9:36,MSL,NA,6,10.5675,NA,11.33915261,4.536228002
2,6/29/2021,10:15,MSL,NA,5,11.11,NA,11.13035962,4.452700366
2,6/29/2021,10:28,MSL,NA,4,10.02,NA,12.17435906,4.870352342
2,6/29/2021,10:43,MSL,NA,3,9.73,NA,12.47340999,4.989987666
2,6/29/2021,10:55,MSL,NA,2,10.53,NA,12.47842108,4.991992353
2,6/29/2021,11:18,MSL,NA,1,11.065,NA,11.64701698,4.659389143
3,8/2/2021,7:45,MSL,NA,NA,8.048244,5.38950408,NA,NA
3,8/2/2021,8:05,MSL,NA,10,13.28,NA,14.5265789,5.811357889
3,8/2/2021,8:35,MSL,NA,9,13.39,NA,15.37330669,6.150091341
3,8/2/2021,8:50,MSL,NA,8,12.58125,NA,14.70226935,5.881642853
3,8/2/2021,9:10,MSL,NA,7,12.44125,NA,15.88170398,6.353475677
3,8/2/2021,10:00,MSL,NA,6,10.355,NA,11.1009304,4.440927207
3,8/2/2021,10:12,MSL,NA,5,10.0675,NA,10.69589685,4.278893535
3,8/2/2021,10:50,MSL,NA,4,10.8975,NA,12.54389493,5.018185167
3,8/2/2021,11:15,MSL,NA,3,10.33,NA,11.53641536,4.615142965
3,8/2/2021,11:37,MSL,NA,2,10.09,NA,10.73725247,4.295437851
3,8/2/2021,11:57,MSL,NA,1,9.75875,NA,11.24965012,4.500422531
1,6/7/2021,8:18,A,NA,NA,10.890504,2.01997056,NA,NA
1,6/7/2021,12:59,A,NA,NA,9.043416,1.57354524,NA,NA
1,6/7/2021,8:18,A,T,15,13.0665,NA,11.01937757,4.408301997
1,6/7/2021,8:27,A,T,14,10.33375,NA,10.08381969,4.034032067
1,6/7/2021,8:36,A,T,13,11.2,NA,10.87021425,4.348629211
1,6/7/2021,8:45,A,T,12,12.52,NA,11.37419086,4.550245054
1,6/7/2021,8:54,A,T,11,11.20625,NA,10.26150272,4.105114163
1,6/7/2021,9:02,A,T,10,11.25,NA,10.47802912,4.191735549
1,6/7/2021,9:20,A,T,9,10.77,NA,10.43419445,4.17419949
1,6/7/2021,9:37,A,T,8,10.44,NA,10.35799413,4.143715552
1,6/7/2021,9:48,A,T,7,10.12,NA,9.941892638,3.97725415
1,6/7/2021,9:57,A,T,6,10.13,NA,9.911479761,3.965087478
1,6/7/2021,10:25,A,C,5,10.1275,NA,10.12081938,4.048833793
1,6/7/2021,10:42,A,C,4,10.18,NA,9.897378057,3.959446092
1,6/7/2021,10:50,A,C,3,9.9925,NA,9.384543483,3.75428662
1,6/7/2021,11:05,A,C,2,9.3425,NA,9.216339736,3.686996711
1,6/7/2021,11:14,A,C,1,9.875,NA,9.909102677,3.964136526
2,7/6/2021,8:20,A,T,15,12.5975,NA,12.55629555,5.023146035
2,7/6/2021,8:49,A,T,13,11.75,NA,10.50434507,4.202263245
2,7/6/2021,9:00,A,T,12,11.54,NA,10.13698433,4.055300581
2,7/6/2021,9:09,A,T,10,11.9,NA,10.22868723,4.091986326
2,7/6/2021,9:50,A,T,7,12.03,NA,12.85710267,5.143483923
2,7/6/2021,10:05,A,T,6,12.78,NA,12.97794513,5.191826949
2,7/6/2021,10:21,A,T,5,12.195,NA,12.48704031,4.995440476
2,7/6/2021,10:33,A,T,4,11.66,NA,10.91386672,4.366092381
2,7/6/2021,10:50,A,T,1,9.66,NA,9.887729731,3.955586279
2,7/6/2021,11:05,A,C,5,10.97,NA,10.11449517,4.046303793
2,7/6/2021,11:19,A,C,4,10.1325,NA,9.915741148,3.966792246
2,7/6/2021,11:45,A,C,2,9.8825,NA,10.48561597,4.194770669
2,7/6/2021,13:00,A,NA,NA,10.832592,2.83811472,10.70353878,4.281950689
3,8/10/2021,7:45,A,T,15,10.405,NA,10.25023386,4.100606056
3,8/10/2021,8:00,A,T,13,11.4825,NA,10.45062671,4.180773215
3,8/10/2021,NA,A,T,11,11.385,NA,10.42401876,4.170128705
3,8/10/2021,8:20,A,T,10,11.34,NA,10.09567834,4.03877612
3,8/10/2021,8:40,A,T,8,10.43,NA,10.86692667,4.347314014
3,8/10/2021,9:00,A,T,6,11.4,NA,10.89509019,4.358580831
3,8/10/2021,9:10,A,T,4,11.335,NA,10.42629435,4.171039055
3,8/10/2021,9:20,A,T,2,9.57,NA,9.877423891,3.951463428
3,8/10/2021,9:25,A,T,1,9.425,NA,9.461624362,3.785122826
3,8/10/2021,9:30,A,C,5,10.0325,NA,9.676902729,3.871244937
3,8/10/2021,9:55,A,C,2,9.04,NA,9.30558228,3.722698191
3,8/10/2021,NA,A,C,1,8.72,NA,9.711830707,3.885217874
3,8/10/2021,13:30,A,NA,NA,9.523476,5.90972148,10.49670015,4.199204895
NA,4/7/2021,16:10,A,NA,NA,7.757541,1.86010677,NA,NA
NA,4/23/2021,12:45,A,NA,NA,7.87908,2.26693476,NA,NA
NA,5/7/2021,11:50,A,NA,NA,7.438644,2.8971621,NA,NA
NA,5/17/2021,13:35,A,NA,NA,9.009888,2.1710142,NA,NA
NA,5/31/2021,11:10,A,NA,NA,8.64108,1.9881342,NA,NA
NA,6/14/2021,NA,A,NA,NA,13.16736,3.60511344,NA,NA
NA,6/28/2021,12:40,A,NA,NA,12.318492,3.91011156,NA,NA
NA,7/12/2021,11:05,A,NA,NA,10.748772,3.53767644,NA,NA
NA,7/19/2021,14:30,A,NA,NA,9.957816,3.56785164,NA,NA
NA,7/26/2021,9:45,A,NA,NA,10.085832,5.09334516,NA,NA
NA,8/9/2021,9:15,A,NA,NA,9.61644,5.31462996,NA,NA
NA,8/16/2021,11:05,A,NA,NA,10.491216,5.41772856,NA,NA
NA,4/7/2021,14:40,MSL,NA,NA,6.896673024,1.14043968,NA,NA
NA,4/23/2021,NA,MSL,NA,NA,7.089648,2.00509632,NA,NA
NA,5/7/2021,14:40,MSL,NA,NA,7.120128,1.47956016,NA,NA
NA,5/17/2021,11:33,MSL,NA,NA,7.556373,2.34742101,NA,NA
NA,5/31/2021,9:40,MSL,NA,NA,7.539228,0.85913976,NA,NA
NA,6/14/2021,NA,MSL,NA,NA,7.217664,0.54860952,NA,NA
NA,6/28/2021,9:10,MSL,NA,NA,8.132064,1.8248376,NA,NA
NA,7/12/2021,9:45,MSL,NA,NA,8.316468,3.25706232,NA,NA
NA,7/19/2021,13:30,MSL,NA,NA,9.474708,4.74796104,NA,NA
NA,7/26/2021,11:00,MSL,NA,NA,9.020556,5.54466252,NA,NA
NA,8/9/2021,10:30,MSL,NA,NA,7.053072,2.95140888,NA,NA
NA,8/16/2021,9:30,MSL,NA,NA,7.549896,2.73963384,NA,NA
NA,4/23/2021,14:20,DRL,NA,NA,10.13561669,3.37072224,NA,NA
NA,5/7/2021,13:50,DRL,NA,NA,10.299192,4.05527256,NA,NA
NA,5/17/2021,13:14,DRL,NA,NA,10.160508,4.81169472,NA,NA
NA,5/31/2021,10:30,DRL,NA,NA,10.242804,4.10989272,NA,NA
NA,6/14/2021,NA,DRL,NA,NA,10.663428,4.52439024,NA,NA
NA,6/28/2021,14:00,DRL,NA,NA,10.404348,4.8390048,NA,NA
NA,7/12/2021,10:30,DRL,NA,NA,10.488168,5.99669616,NA,NA
NA,7/19/2021,14:00,DRL,NA,NA,10.582656,6.24007896,NA,NA
NA,7/26/2021,10:05,DRL,NA,NA,10.383012,7.2682608,NA,NA
NA,8/9/2021,9:45,DRL,NA,NA,10.171176,5.70899544,NA,NA
NA,8/16/2021,10:05,DRL,NA,NA,10.314432,5.449824,NA,NA
