Canal,Event,Date,mean_Biomass_per_Area,sd_Biomass_per_Area,Curly.Leaf.Pondweed,Ditchgrass,Elodea,Filamentous.Algae,Nitella,Milfoil,shan,simp,SpC..uS.cm.,pH,Temp_30da,o.Phosphate.ug.L.PW,Ammonium.mg.L.PW,Fluoride.ppb.PW,Nitrite.ppb.PW,Bromide.ppb.PW,Nitrate.ppb.PW,TDC.mg.L.PW,DOC.mg.L.PW,TDN.ug.L.PW,o.Phosphate.ug.L.SW,Ammonium.mg.L.SW,Fluoride.ppb.SW,Nitrite.ppb.SW,Bromide.ppb.SW,Nitrate.ppb.SW,TDC.mg.L.SW,DOC.mg.L.SW,TDN.ug.L.SW
A,1,6/7/2021,7.125645316,2.709727581,0.001428494,7.70769923,0.009532762,0.15076554,0,0,0.105809578,0.040311665,266.4,8.34,16.84590408,NA,0.006941933,106.1369863,5,5,NA,2.610228676,1.815002774,192.9206349,7.181,0.008237761,224.0547945,5,37.11111111,62.90909091,22.68648087,13.53483894,279
A,2,7/6/2021,19.67591976,14.92356775,0.230182944,13.58709952,0.057053375,0.019347766,0.008443374,0,0.126508518,0.044513969,360,8.06,20.73907909,33.322,0.072834397,110.1917808,5,5,219.0227273,3.533294355,2.501174897,297.6507937,NA,0.045533306,276.0410959,48.83870968,40.33333333,215.3181818,25.52705775,15.06383604,518.047619
A,3,8/10/2021,0,0,0,0,0,0,0,0,0,1,380.4,8.03,23.81792718,31.2085,0.050344035,98.34931509,5,5,238.1818182,NA,NA,NA,22.205,0.027995269,362,5,44.77777778,83.09090909,27.15604496,16.43454848,415.1904762
DRL,1,5/24/2021,3.934181481,1.397298128,0.022852979,3.852175789,0.093435203,0.012938049,0,0,0.168216994,0.0632672,240.7,8.86,14.70735758,9.5,0.030783651,112.9452055,15.64516129,5,NA,4.566231404,3.061943148,321.7777778,5.511,0.002310837,197.6438356,5,39.27777778,33.36363636,20.28766322,12.58023563,245.5079365
DRL,2,6/21/2021,13.75872597,4.691604874,0.020524888,10.08657292,0.261080949,0.575706216,0,0,0.331000758,0.147197514,314,8.13,19.20080453,12.408,0.058856892,114.9863014,5,5,NA,7.189176899,4.620312653,386.6190476,11.054,0.006696858,238.2328767,29.32258065,39.55555556,100.4090909,23.34262327,13.0877256,297.8888889
DRL,3,7/27/2021,14.88260712,11.55071355,0,6.992980026,0.651934694,0.013976604,0.162352387,0.00485047,0.403879659,0.194201166,382.3,8.07,23.77268985,13.918,0.303487496,140.0136986,5,5,108.0909091,4.791983369,3.440520871,520.7460317,15.067,0.022403854,325.6986301,17.32258065,42,89.54545455,26.98713701,16.03475735,349.7142857
MSL,1,6/1/2021,9.39604439,4.583774073,0.084500362,6.419210661,0.667086148,2.535591944,0,0,0.849440421,0.48959134,270.4,8.89,16.52271484,23.059,0.02132563,105.8082192,5,5,344.8181818,7.398687715,4.499559414,266.8571429,3.695,0,168.2054795,5,NA,NA,17.21971026,10.70692863,262.3333333
MSL,2,6/29/2021,20.77856376,6.518176779,0.03293859,8.758799701,1.911061155,6.010196723,0,0,0.966641806,0.582949635,325.2,7.93,20.62555768,7.63,0.348475903,135.890411,5,5,357.4545455,8.001234327,5.297509872,711.0634921,13.231,0.003552937,251.0410959,17.70967742,41.38888889,146.6363636,23.65932567,13.00776737,501.0634921
MSL,3,8/2/2021,7.49380293,4.376043983,0,2.060205291,4.177709468,0.811466317,0.155961022,0.000813552,1.003939237,0.569014567,387,8.2,24.28957546,10.08,0.708719158,148.2465753,5,5,183.6363636,10.47800948,7.002741425,1383.761905,19.733,NA,325.1232877,16.90322581,40.22222222,132.7272727,26.55837069,15.73287425,644.0793651
